pokedex_number,name,type1,type2,hp,attack,defense,sp_attack,sp_defense,speed,Total Stats,is_legendary
1,Bulbasaur,grass,poison,45,49,49,65,65,45,318,0
2,Ivysaur,grass,poison,60,62,63,80,80,60,405,0
3,Venusaur,grass,poison,80,100,123,122,120,80,625,0
4,Charmander,fire,None,39,52,43,60,50,65,309,0
5,Charmeleon,fire,None,58,64,58,80,65,80,405,0
6,Charizard,fire,flying,78,104,78,159,115,100,634,0
7,Squirtle,water,None,44,48,65,50,64,43,314,0
8,Wartortle,water,None,59,63,80,65,80,58,405,0
9,Blastoise,water,None,79,103,120,135,115,78,630,0
10,Caterpie,bug,None,45,30,35,20,20,45,195,0
11,Metapod,bug,None,50,20,55,25,25,30,205,0
12,Butterfree,bug,flying,60,45,50,90,80,70,395,0
13,Weedle,bug,poison,40,35,30,20,20,50,195,0
14,Kakuna,bug,poison,45,25,50,25,25,35,205,0
15,Beedrill,bug,poison,65,150,40,15,80,145,495,0
16,Pidgey,normal,flying,40,45,40,35,35,56,251,0
17,Pidgeotto,normal,flying,63,60,55,50,50,71,349,0
18,Pidgeot,normal,flying,83,80,80,135,80,121,579,0
19,Rattata,normal,dark,30,56,35,25,35,72,253,0
20,Raticate,normal,dark,75,71,70,40,80,77,413,0
21,Spearow,normal,flying,40,60,30,31,31,70,262,0
22,Fearow,normal,flying,65,90,65,61,61,100,442,0
23,Ekans,poison,None,35,60,44,40,54,55,288,0
24,Arbok,poison,None,60,95,69,65,79,80,448,0
25,Pikachu,electric,None,35,55,40,50,50,90,320,0
26,Raichu,electric,electric,60,85,50,95,85,110,485,0
27,Sandshrew,ground,ice,50,75,90,10,35,40,300,0
28,Sandslash,ground,ice,75,100,120,25,65,65,450,0
29,Nidoran♀,poison,None,55,47,52,40,40,41,275,0
30,Nidorina,poison,None,70,62,67,55,55,56,365,0
31,Nidoqueen,poison,ground,90,92,87,75,85,76,505,0
32,Nidoran♂,poison,None,46,57,40,40,40,50,273,0
33,Nidorino,poison,None,61,72,57,55,55,65,365,0
34,Nidoking,poison,ground,81,102,77,85,75,85,505,0
35,Clefairy,fairy,None,70,45,48,60,65,35,323,0
36,Clefable,fairy,None,95,70,73,95,90,60,483,0
37,Vulpix,fire,ice,38,41,40,50,65,65,299,0
38,Ninetales,fire,ice,73,67,75,81,100,109,505,0
39,Jigglypuff,normal,fairy,115,45,20,45,25,20,270,0
40,Wigglytuff,normal,fairy,140,70,45,85,50,45,435,0
41,Zubat,poison,flying,40,45,35,30,40,55,245,0
42,Golbat,poison,flying,75,80,70,65,75,90,455,0
43,Oddish,grass,poison,45,50,55,75,65,30,320,0
44,Gloom,grass,poison,60,65,70,85,75,40,395,0
45,Vileplume,grass,poison,75,80,85,110,90,50,490,0
46,Paras,bug,grass,35,70,55,45,55,25,285,0
47,Parasect,bug,grass,60,95,80,60,80,30,405,0
48,Venonat,bug,poison,60,55,50,40,55,45,305,0
49,Venomoth,bug,poison,70,65,60,90,75,90,450,0
50,Diglett,ground,ground,10,55,30,35,45,90,265,0
51,Dugtrio,ground,ground,35,100,60,50,70,110,425,0
52,Meowth,normal,dark,40,35,35,50,40,90,290,0
53,Persian,normal,dark,65,60,60,75,65,115,440,0
54,Psyduck,water,None,50,52,48,65,50,55,320,0
55,Golduck,water,None,80,82,78,95,80,85,500,0
56,Mankey,fighting,None,40,80,35,35,45,70,305,0
57,Primeape,fighting,None,65,105,60,60,70,95,455,0
58,Growlithe,fire,None,55,70,45,70,50,60,350,0
59,Arcanine,fire,None,90,110,80,100,80,95,555,0
60,Poliwag,water,None,40,50,40,40,40,90,300,0
61,Poliwhirl,water,None,65,65,65,50,50,90,385,0
62,Poliwrath,water,fighting,90,95,95,70,90,70,510,0
63,Abra,psychic,None,25,20,15,105,55,90,310,0
64,Kadabra,psychic,None,40,35,30,120,70,105,400,0
65,Alakazam,psychic,None,55,50,65,175,105,150,600,0
66,Machop,fighting,None,70,80,50,35,35,35,305,0
67,Machoke,fighting,None,80,100,70,50,60,45,405,0
68,Machamp,fighting,None,90,130,80,65,85,55,505,0
69,Bellsprout,grass,poison,50,75,35,70,30,40,300,0
70,Weepinbell,grass,poison,65,90,50,85,45,55,390,0
71,Victreebel,grass,poison,80,105,65,100,70,70,490,0
72,Tentacool,water,poison,40,40,35,50,100,70,335,0
73,Tentacruel,water,poison,80,70,65,80,120,100,515,0
74,Geodude,rock,ground,40,80,100,30,30,20,300,0
75,Graveler,rock,ground,55,95,115,45,45,35,390,0
76,Golem,rock,ground,80,120,130,55,65,45,495,0
77,Ponyta,fire,None,50,85,55,65,65,90,410,0
78,Rapidash,fire,None,65,100,70,80,80,105,500,0
79,Slowpoke,water,psychic,90,65,65,40,40,15,315,0
80,Slowbro,water,psychic,95,75,180,130,80,30,590,0
81,Magnemite,electric,steel,25,35,70,95,55,45,325,0
82,Magneton,electric,steel,50,60,95,120,70,70,465,0
83,Farfetch'd,normal,flying,52,90,55,58,62,60,377,0
84,Doduo,normal,flying,35,85,45,35,35,75,310,0
85,Dodrio,normal,flying,60,110,70,60,60,110,470,0
86,Seel,water,None,65,45,55,45,70,45,325,0
87,Dewgong,water,ice,90,70,80,70,95,70,475,0
88,Grimer,poison,poison,80,80,50,40,50,25,325,0
89,Muk,poison,poison,105,105,75,65,100,50,500,0
90,Shellder,water,None,30,65,100,45,25,40,305,0
91,Cloyster,water,ice,50,95,180,85,45,70,525,0
92,Gastly,ghost,poison,30,35,30,100,35,80,310,0
93,Haunter,ghost,poison,45,50,45,115,55,95,405,0
94,Gengar,ghost,poison,60,65,80,170,95,130,600,0
95,Onix,rock,ground,35,45,160,30,45,70,385,0
96,Drowzee,psychic,None,60,48,45,43,90,42,328,0
97,Hypno,psychic,None,85,73,70,73,115,67,483,0
98,Krabby,water,None,30,105,90,25,25,50,325,0
99,Kingler,water,None,55,130,115,50,50,75,475,0
100,Voltorb,electric,None,40,30,50,55,55,100,330,0
101,Electrode,electric,None,60,50,70,80,80,150,490,0
102,Exeggcute,grass,psychic,60,40,80,60,45,40,325,0
103,Exeggutor,grass,psychic,95,105,85,125,75,45,530,0
104,Cubone,ground,None,50,50,95,40,50,35,320,0
105,Marowak,ground,fire,60,80,110,50,80,45,425,0
106,Hitmonlee,fighting,None,50,120,53,35,110,87,455,0
107,Hitmonchan,fighting,None,50,105,79,35,110,76,455,0
108,Lickitung,normal,None,90,55,75,60,75,30,385,0
109,Koffing,poison,None,40,65,95,60,45,35,340,0
110,Weezing,poison,None,65,90,120,85,70,60,490,0
111,Rhyhorn,ground,rock,80,85,95,30,30,25,345,0
113,Chansey,normal,None,250,5,5,35,105,50,450,0
114,Tangela,grass,None,65,55,115,100,40,60,435,0
115,Kangaskhan,normal,None,105,125,100,60,100,100,590,0
116,Horsea,water,None,30,40,70,70,25,60,295,0
117,Seadra,water,None,55,65,95,95,45,85,440,0
118,Goldeen,water,None,45,67,60,35,50,63,320,0
119,Seaking,water,None,80,92,65,65,80,68,450,0
120,Staryu,water,None,30,45,55,70,55,85,340,0
121,Starmie,water,psychic,60,75,85,100,85,115,520,0
122,Mr. Mime,psychic,fairy,40,45,65,100,120,90,460,0
123,Scyther,bug,flying,70,110,80,55,80,105,500,0
124,Jynx,ice,psychic,65,50,35,115,95,95,455,0
125,Electabuzz,electric,None,65,83,57,95,85,105,490,0
126,Magmar,fire,None,65,95,57,100,85,93,495,0
127,Pinsir,bug,None,65,155,120,65,90,105,600,0
128,Tauros,normal,None,75,100,95,40,70,110,490,0
129,Magikarp,water,None,20,10,55,15,20,80,200,0
130,Gyarados,water,flying,95,155,109,70,130,81,640,0
131,Lapras,water,ice,130,85,80,85,95,60,535,0
132,Ditto,normal,None,48,48,48,48,48,48,288,0
133,Eevee,normal,None,55,55,50,45,65,55,325,0
134,Vaporeon,water,None,130,65,60,110,95,65,525,0
135,Jolteon,electric,None,65,65,60,110,95,130,525,0
136,Flareon,fire,None,65,130,60,95,110,65,525,0
137,Porygon,normal,None,65,60,70,85,75,40,395,0
138,Omanyte,rock,water,35,40,100,90,55,35,355,0
139,Omastar,rock,water,70,60,125,115,70,55,495,0
140,Kabuto,rock,water,30,80,90,55,45,55,355,0
141,Kabutops,rock,water,60,115,105,65,70,80,495,0
142,Aerodactyl,rock,flying,80,135,85,70,95,150,615,0
143,Snorlax,normal,None,160,110,65,65,110,30,540,0
144,Articuno,ice,flying,90,85,100,95,125,85,580,1
145,Zapdos,electric,flying,90,90,85,125,90,100,580,1
146,Moltres,fire,flying,90,100,90,125,85,90,580,1
147,Dratini,dragon,None,41,64,45,50,50,50,300,0
148,Dragonair,dragon,None,61,84,65,70,70,70,420,0
149,Dragonite,dragon,flying,91,134,95,100,100,80,600,0
150,Mewtwo,psychic,None,106,150,70,194,120,140,780,1
151,Mew,psychic,None,100,100,100,100,100,100,600,1
152,Chikorita,grass,None,45,49,65,49,65,45,318,0
153,Bayleef,grass,None,60,62,80,63,80,60,405,0
154,Meganium,grass,None,80,82,100,83,100,80,525,0
155,Cyndaquil,fire,None,39,52,43,60,50,65,309,0
156,Quilava,fire,None,58,64,58,80,65,80,405,0
157,Typhlosion,fire,None,78,84,78,109,85,100,534,0
158,Totodile,water,None,50,65,64,44,48,43,314,0
159,Croconaw,water,None,65,80,80,59,63,58,405,0
160,Feraligatr,water,None,85,105,100,79,83,78,530,0
161,Sentret,normal,None,35,46,34,35,45,20,215,0
162,Furret,normal,None,85,76,64,45,55,90,415,0
163,Hoothoot,normal,flying,60,30,30,36,56,50,262,0
164,Noctowl,normal,flying,100,50,50,86,96,70,452,0
165,Ledyba,bug,flying,40,20,30,40,80,55,265,0
166,Ledian,bug,flying,55,35,50,55,110,85,390,0
167,Spinarak,bug,poison,40,60,40,40,40,30,250,0
168,Ariados,bug,poison,70,90,70,60,70,40,400,0
169,Crobat,poison,flying,85,90,80,70,80,130,535,0
170,Chinchou,water,electric,75,38,38,56,56,67,330,0
171,Lanturn,water,electric,125,58,58,76,76,67,460,0
172,Pichu,electric,None,20,40,15,35,35,60,205,0
173,Cleffa,fairy,None,50,25,28,45,55,15,218,0
174,Igglybuff,normal,fairy,90,30,15,40,20,15,210,0
175,Togepi,fairy,None,35,20,65,40,65,20,245,0
176,Togetic,fairy,flying,55,40,85,80,105,40,405,0
177,Natu,psychic,flying,40,50,45,70,45,70,320,0
178,Xatu,psychic,flying,65,75,70,95,70,95,470,0
179,Mareep,electric,None,55,40,40,65,45,35,280,0
180,Flaaffy,electric,None,70,55,55,80,60,45,365,0
181,Ampharos,electric,None,90,95,105,165,110,45,610,0
182,Bellossom,grass,None,75,80,95,90,100,50,490,0
183,Marill,water,fairy,70,20,50,20,50,40,250,0
184,Azumarill,water,fairy,100,50,80,60,80,50,420,0
185,Sudowoodo,rock,None,70,100,115,30,65,30,410,0
186,Politoed,water,None,90,75,75,90,100,70,500,0
187,Hoppip,grass,flying,35,35,40,35,55,50,250,0
188,Skiploom,grass,flying,55,45,50,45,65,80,340,0
189,Jumpluff,grass,flying,75,55,70,55,95,110,460,0
190,Aipom,normal,None,55,70,55,40,55,85,360,0
191,Sunkern,grass,None,30,30,30,30,30,30,180,0
192,Sunflora,grass,None,75,75,55,105,85,30,425,0
193,Yanma,bug,flying,65,65,45,75,45,95,390,0
194,Wooper,water,ground,55,45,45,25,25,15,210,0
195,Quagsire,water,ground,95,85,85,65,65,35,430,0
196,Espeon,psychic,None,65,65,60,130,95,110,525,0
197,Umbreon,dark,None,95,65,110,60,130,65,525,0
198,Murkrow,dark,flying,60,85,42,85,42,91,405,0
199,Slowking,water,psychic,95,75,80,100,110,30,490,0
200,Misdreavus,ghost,None,60,60,60,85,85,85,435,0
201,Unown,psychic,None,48,72,48,72,48,48,336,0
202,Wobbuffet,psychic,None,190,33,58,33,58,33,405,0
203,Girafarig,normal,psychic,70,80,65,90,65,85,455,0
204,Pineco,bug,None,50,65,90,35,35,15,290,0
205,Forretress,bug,steel,75,90,140,60,60,40,465,0
206,Dunsparce,normal,None,100,70,70,65,65,45,415,0
207,Gligar,ground,flying,65,75,105,35,65,85,430,0
208,Steelix,steel,ground,75,125,230,55,95,30,610,0
209,Snubbull,fairy,None,60,80,50,40,40,30,300,0
210,Granbull,fairy,None,90,120,75,60,60,45,450,0
211,Qwilfish,water,poison,65,95,85,55,55,85,440,0
213,Shuckle,bug,rock,20,10,230,10,230,5,505,0
214,Heracross,bug,fighting,80,185,115,40,105,75,600,0
215,Sneasel,dark,ice,55,95,55,35,75,115,430,0
216,Teddiursa,normal,None,60,80,50,50,50,40,330,0
217,Ursaring,normal,None,90,130,75,75,75,55,500,0
218,Slugma,fire,None,40,40,40,70,40,20,250,0
219,Magcargo,fire,rock,60,50,120,90,80,30,430,0
220,Swinub,ice,ground,50,50,40,30,30,50,250,0
221,Piloswine,ice,ground,100,100,80,60,60,50,450,0
222,Corsola,water,rock,65,55,95,65,95,35,410,0
223,Remoraid,water,None,35,65,35,65,35,65,300,0
224,Octillery,water,None,75,105,75,105,75,45,480,0
225,Delibird,ice,flying,45,55,45,65,45,75,330,0
226,Mantine,water,flying,85,40,70,80,140,70,485,0
227,Skarmory,steel,flying,65,80,140,40,70,70,465,0
228,Houndour,dark,fire,45,60,30,80,50,65,330,0
229,Houndoom,dark,fire,75,90,90,140,90,115,600,0
230,Kingdra,water,dragon,75,95,95,95,95,85,540,0
231,Phanpy,ground,None,90,60,60,40,40,40,330,0
232,Donphan,ground,None,90,120,120,60,60,50,500,0
233,Porygon2,normal,None,85,80,90,105,95,60,515,0
234,Stantler,normal,None,73,95,62,85,65,85,465,0
235,Smeargle,normal,None,55,20,35,20,45,75,250,0
236,Tyrogue,fighting,None,35,35,35,35,35,35,210,0
237,Hitmontop,fighting,None,50,95,95,35,110,70,455,0
238,Smoochum,ice,psychic,45,30,15,85,65,65,305,0
239,Elekid,electric,None,45,63,37,65,55,95,360,0
240,Magby,fire,None,45,75,37,70,55,83,365,0
242,Blissey,normal,None,255,10,10,75,135,55,540,0
243,Raikou,electric,None,90,85,75,115,100,115,580,1
244,Entei,fire,None,115,115,85,90,75,100,580,1
245,Suicune,water,None,100,75,115,90,115,85,580,1
246,Larvitar,rock,ground,50,64,50,45,50,41,300,0
247,Pupitar,rock,ground,70,84,70,65,70,51,410,0
248,Tyranitar,rock,dark,100,164,150,95,120,71,700,0
249,Lugia,psychic,flying,106,90,130,90,154,110,680,1
250,Ho-Oh,fire,flying,106,130,90,110,154,90,680,1
251,Celebi,psychic,grass,100,100,100,100,100,100,600,1
252,Treecko,grass,None,40,45,35,65,55,70,310,0
253,Grovyle,grass,None,50,65,45,85,65,95,405,0
254,Sceptile,grass,None,70,110,75,145,85,145,630,0
255,Torchic,fire,None,45,60,40,70,50,45,310,0
256,Combusken,fire,fighting,60,85,60,85,60,55,405,0
257,Blaziken,fire,fighting,80,160,80,130,80,100,630,0
258,Mudkip,water,None,50,70,50,50,50,40,310,0
259,Marshtomp,water,ground,70,85,70,60,70,50,405,0
260,Swampert,water,ground,100,150,110,95,110,70,635,0
261,Poochyena,dark,None,35,55,35,30,30,35,220,0
262,Mightyena,dark,None,70,90,70,60,60,70,420,0
263,Zigzagoon,normal,None,38,30,41,30,41,60,240,0
264,Linoone,normal,None,78,70,61,50,61,100,420,0
265,Wurmple,bug,None,45,45,35,20,30,20,195,0
266,Silcoon,bug,None,50,35,55,25,25,15,205,0
267,Beautifly,bug,flying,60,70,50,100,50,65,395,0
268,Cascoon,bug,None,50,35,55,25,25,15,205,0
269,Dustox,bug,poison,60,50,70,50,90,65,385,0
270,Lotad,water,grass,40,30,30,40,50,30,220,0
271,Lombre,water,grass,60,50,50,60,70,50,340,0
272,Ludicolo,water,grass,80,70,70,90,100,70,480,0
273,Seedot,grass,None,40,40,50,30,30,30,220,0
274,Nuzleaf,grass,dark,70,70,40,60,40,60,340,0
275,Shiftry,grass,dark,90,100,60,90,60,80,480,0
276,Taillow,normal,flying,40,55,30,30,30,85,270,0
277,Swellow,normal,flying,60,85,60,75,50,125,455,0
278,Wingull,water,flying,40,30,30,55,30,85,270,0
279,Pelipper,water,flying,60,50,100,95,70,65,440,0
280,Ralts,psychic,fairy,28,25,25,45,35,40,198,0
281,Kirlia,psychic,fairy,38,35,35,65,55,50,278,0
282,Gardevoir,psychic,fairy,68,85,65,165,135,100,618,0
283,Surskit,bug,water,40,30,32,50,52,65,269,0
284,Masquerain,bug,flying,70,60,62,100,82,80,454,0
285,Shroomish,grass,None,60,40,60,40,60,35,295,0
286,Breloom,grass,fighting,60,130,80,60,60,70,460,0
288,Vigoroth,normal,None,80,80,80,55,55,90,440,0
289,Slaking,normal,None,150,160,100,95,65,100,670,0
290,Nincada,bug,ground,31,45,90,30,30,40,266,0
291,Ninjask,bug,flying,61,90,45,50,50,160,456,0
292,Shedinja,bug,ghost,1,90,45,30,30,40,236,0
293,Whismur,normal,None,64,51,23,51,23,28,240,0
294,Loudred,normal,None,84,71,43,71,43,48,360,0
295,Exploud,normal,None,104,91,63,91,73,68,490,0
296,Makuhita,fighting,None,72,60,30,20,30,25,237,0
297,Hariyama,fighting,None,144,120,60,40,60,50,474,0
298,Azurill,normal,fairy,50,20,40,20,40,20,190,0
299,Nosepass,rock,None,30,45,135,45,90,30,375,0
300,Skitty,normal,None,50,45,45,35,35,50,260,0
301,Delcatty,normal,None,70,65,65,55,55,90,400,0
302,Sableye,dark,ghost,50,85,125,85,115,20,480,0
303,Mawile,steel,fairy,50,105,125,55,95,50,480,0
304,Aron,steel,rock,50,70,100,40,40,30,330,0
305,Lairon,steel,rock,60,90,140,50,50,40,430,0
306,Aggron,steel,rock,70,140,230,60,80,50,630,0
307,Meditite,fighting,psychic,30,40,55,40,55,60,280,0
308,Medicham,fighting,psychic,60,100,85,80,85,100,510,0
309,Electrike,electric,None,40,45,40,65,40,65,295,0
310,Manectric,electric,None,70,75,80,135,80,135,575,0
311,Plusle,electric,None,60,50,40,85,75,95,405,0
312,Minun,electric,None,60,40,50,75,85,95,405,0
313,Volbeat,bug,None,65,73,75,47,85,85,430,0
314,Illumise,bug,None,65,47,75,73,85,85,430,0
315,Roselia,grass,poison,50,60,45,100,80,65,400,0
316,Gulpin,poison,None,70,43,53,43,53,40,302,0
317,Swalot,poison,None,100,73,83,73,83,55,467,0
318,Carvanha,water,dark,45,90,20,65,20,65,305,0
319,Sharpedo,water,dark,70,140,70,110,65,105,560,0
320,Wailmer,water,None,130,70,35,70,35,60,400,0
321,Wailord,water,None,170,90,45,90,45,60,500,0
322,Numel,fire,ground,60,60,40,65,45,35,305,0
323,Camerupt,fire,ground,70,120,100,145,105,20,560,0
324,Torkoal,fire,None,70,85,140,85,70,20,470,0
325,Spoink,psychic,None,60,25,35,70,80,60,330,0
326,Grumpig,psychic,None,80,45,65,90,110,80,470,0
327,Spinda,normal,None,60,60,60,60,60,60,360,0
328,Trapinch,ground,None,45,100,45,45,45,10,290,0
329,Vibrava,ground,dragon,50,70,50,50,50,70,340,0
330,Flygon,ground,dragon,80,100,80,80,80,100,520,0
331,Cacnea,grass,None,50,85,40,85,40,35,335,0
332,Cacturne,grass,dark,70,115,60,115,60,55,475,0
333,Swablu,normal,flying,45,40,60,40,75,50,310,0
334,Altaria,dragon,flying,75,110,110,110,105,80,590,0
335,Zangoose,normal,None,73,115,60,60,60,90,458,0
336,Seviper,poison,None,73,100,60,100,60,65,458,0
337,Lunatone,rock,psychic,90,55,65,95,85,70,460,0
338,Solrock,rock,psychic,90,95,85,55,65,70,460,0
339,Barboach,water,ground,50,48,43,46,41,60,288,0
340,Whiscash,water,ground,110,78,73,76,71,60,468,0
341,Corphish,water,None,43,80,65,50,35,35,308,0
342,Crawdaunt,water,dark,63,120,85,90,55,55,468,0
343,Baltoy,ground,psychic,40,40,55,40,70,55,300,0
344,Claydol,ground,psychic,60,70,105,70,120,75,500,0
345,Lileep,rock,grass,66,41,77,61,87,23,355,0
346,Cradily,rock,grass,86,81,97,81,107,43,495,0
347,Anorith,rock,bug,45,95,50,40,50,75,355,0
348,Armaldo,rock,bug,75,125,100,70,80,45,495,0
349,Feebas,water,None,20,15,20,10,55,80,200,0
350,Milotic,water,None,95,60,79,100,125,81,540,0
351,Castform,normal,None,70,70,70,70,70,70,420,0
352,Kecleon,normal,None,60,90,70,60,120,40,440,0
353,Shuppet,ghost,None,44,75,35,63,33,45,295,0
354,Banette,ghost,None,64,165,75,93,83,75,555,0
355,Duskull,ghost,None,20,40,90,30,90,25,295,0
356,Dusclops,ghost,None,40,70,130,60,130,25,455,0
357,Tropius,grass,flying,99,68,83,72,87,51,460,0
358,Chimecho,psychic,None,75,50,80,95,90,65,455,0
359,Absol,dark,None,65,150,60,115,60,115,565,0
360,Wynaut,psychic,None,95,23,48,23,48,23,260,0
361,Snorunt,ice,None,50,50,50,50,50,50,300,0
362,Glalie,ice,None,80,120,80,120,80,100,580,0
363,Spheal,ice,water,70,40,50,55,50,25,290,0
364,Sealeo,ice,water,90,60,70,75,70,45,410,0
365,Walrein,ice,water,110,80,90,95,90,65,530,0
366,Clamperl,water,None,35,64,85,74,55,32,345,0
367,Huntail,water,None,55,104,105,94,75,52,485,0
368,Gorebyss,water,None,55,84,105,114,75,52,485,0
369,Relicanth,water,rock,100,90,130,45,65,55,485,0
370,Luvdisc,water,None,43,30,55,40,65,97,330,0
371,Bagon,dragon,None,45,75,60,40,30,50,300,0
372,Shelgon,dragon,None,65,95,100,60,50,50,420,0
373,Salamence,dragon,flying,95,145,130,120,90,120,700,0
374,Beldum,steel,psychic,40,55,80,35,60,30,300,0
375,Metang,steel,psychic,60,75,100,55,80,50,420,0
376,Metagross,steel,psychic,80,145,150,105,110,110,700,0
377,Regirock,rock,None,80,100,200,50,100,50,580,1
378,Regice,ice,None,80,50,100,100,200,50,580,1
379,Registeel,steel,None,80,75,150,75,150,50,580,1
380,Latias,dragon,psychic,80,100,120,140,150,110,700,1
381,Latios,dragon,psychic,80,130,100,160,120,110,700,1
382,Kyogre,water,None,100,150,90,180,160,90,770,1
383,Groudon,ground,None,100,180,160,150,90,90,770,1
384,Rayquaza,dragon,flying,105,180,100,180,100,115,780,1
385,Jirachi,steel,psychic,100,100,100,100,100,100,600,1
386,Deoxys,psychic,None,50,95,90,95,90,180,600,1
387,Turtwig,grass,None,55,68,64,45,55,31,318,0
388,Grotle,grass,None,75,89,85,55,65,36,405,0
389,Torterra,grass,ground,95,109,105,75,85,56,525,0
390,Chimchar,fire,None,44,58,44,58,44,61,309,0
391,Monferno,fire,fighting,64,78,52,78,52,81,405,0
392,Infernape,fire,fighting,76,104,71,104,71,108,534,0
393,Piplup,water,None,53,51,53,61,56,40,314,0
394,Prinplup,water,None,64,66,68,81,76,50,405,0
395,Empoleon,water,steel,84,86,88,111,101,60,530,0
396,Starly,normal,flying,40,55,30,30,30,60,245,0
397,Staravia,normal,flying,55,75,50,40,40,80,340,0
398,Staraptor,normal,flying,85,120,70,50,60,100,485,0
399,Bidoof,normal,None,59,45,40,35,40,31,250,0
400,Bibarel,normal,water,79,85,60,55,60,71,410,0
401,Kricketot,bug,None,37,25,41,25,41,25,194,0
402,Kricketune,bug,None,77,85,51,55,51,65,384,0
403,Shinx,electric,None,45,65,34,40,34,45,263,0
404,Luxio,electric,None,60,85,49,60,49,60,363,0
405,Luxray,electric,None,80,120,79,95,79,70,523,0
406,Budew,grass,poison,40,30,35,50,70,55,280,0
407,Roserade,grass,poison,60,70,65,125,105,90,515,0
408,Cranidos,rock,None,67,125,40,30,30,58,350,0
409,Rampardos,rock,None,97,165,60,65,50,58,495,0
410,Shieldon,rock,steel,30,42,118,42,88,30,350,0
411,Bastiodon,rock,steel,60,52,168,47,138,30,495,0
412,Burmy,bug,None,40,29,45,29,45,36,224,0
413,Wormadam,bug,grass,60,69,95,69,95,36,424,0
414,Mothim,bug,flying,70,94,50,94,50,66,424,0
415,Combee,bug,flying,30,30,42,30,42,70,244,0
416,Vespiquen,bug,flying,70,80,102,80,102,40,474,0
417,Pachirisu,electric,None,60,45,70,45,90,95,405,0
418,Buizel,water,None,55,65,35,60,30,85,330,0
419,Floatzel,water,None,85,105,55,85,50,115,495,0
420,Cherubi,grass,None,45,35,45,62,53,35,275,0
421,Cherrim,grass,None,70,60,70,87,78,85,450,0
422,Shellos,water,None,76,48,48,57,62,34,325,0
423,Gastrodon,water,ground,111,83,68,92,82,39,475,0
424,Ambipom,normal,None,75,100,66,60,66,115,482,0
425,Drifloon,ghost,flying,90,50,34,60,44,70,348,0
426,Drifblim,ghost,flying,150,80,44,90,54,80,498,0
427,Buneary,normal,None,55,66,44,44,56,85,350,0
428,Lopunny,normal,None,65,136,94,54,96,135,580,0
429,Mismagius,ghost,None,60,60,60,105,105,105,495,0
430,Honchkrow,dark,flying,100,125,52,105,52,71,505,0
431,Glameow,normal,None,49,55,42,42,37,85,310,0
432,Purugly,normal,None,71,82,64,64,59,112,452,0
433,Chingling,psychic,None,45,30,50,65,50,45,285,0
434,Stunky,poison,dark,63,63,47,41,41,74,329,0
435,Skuntank,poison,dark,103,93,67,71,61,84,479,0
436,Bronzor,steel,psychic,57,24,86,24,86,23,300,0
437,Bronzong,steel,psychic,67,89,116,79,116,33,500,0
438,Bonsly,rock,None,50,80,95,10,45,10,290,0
439,Mime Jr.,psychic,fairy,20,25,45,70,90,60,310,0
440,Happiny,normal,None,100,5,5,15,65,30,220,0
441,Chatot,normal,flying,76,65,45,92,42,91,411,0
442,Spiritomb,ghost,dark,50,92,108,92,108,35,485,0
443,Gible,dragon,ground,58,70,45,40,45,42,300,0
444,Gabite,dragon,ground,68,90,65,50,55,82,410,0
445,Garchomp,dragon,ground,108,170,115,120,95,92,700,0
446,Munchlax,normal,None,135,85,40,40,85,5,390,0
447,Riolu,fighting,None,40,70,40,35,40,60,285,0
448,Lucario,fighting,steel,70,145,88,140,70,112,625,0
449,Hippopotas,ground,None,68,72,78,38,42,32,330,0
450,Hippowdon,ground,None,108,112,118,68,72,47,525,0
451,Skorupi,poison,bug,40,50,90,30,55,65,330,0
452,Drapion,poison,dark,70,90,110,60,75,95,500,0
453,Croagunk,poison,fighting,48,61,40,61,40,50,300,0
454,Toxicroak,poison,fighting,83,106,65,86,65,85,490,0
455,Carnivine,grass,None,74,100,72,90,72,46,454,0
456,Finneon,water,None,49,49,56,49,61,66,330,0
457,Lumineon,water,None,69,69,76,69,86,91,460,0
458,Mantyke,water,flying,45,20,50,60,120,50,345,0
459,Snover,grass,ice,60,62,50,62,60,40,334,0
460,Abomasnow,grass,ice,90,132,105,132,105,30,594,0
461,Weavile,dark,ice,70,120,65,45,85,125,510,0
462,Magnezone,electric,steel,70,70,115,130,90,60,535,0
463,Lickilicky,normal,None,110,85,95,80,95,50,515,0
464,Rhyperior,ground,rock,115,140,130,55,55,40,535,0
465,Tangrowth,grass,None,100,100,125,110,50,50,535,0
466,Electivire,electric,None,75,123,67,95,85,95,540,0
467,Magmortar,fire,None,75,95,67,125,95,83,540,0
468,Togekiss,fairy,flying,85,50,95,120,115,80,545,0
469,Yanmega,bug,flying,86,76,86,116,56,95,515,0
470,Leafeon,grass,None,65,110,130,60,65,95,525,0
471,Glaceon,ice,None,65,60,110,130,95,65,525,0
472,Gliscor,ground,flying,75,95,125,45,75,95,510,0
473,Mamoswine,ice,ground,110,130,80,70,60,80,530,0
474,Porygon-Z,normal,None,85,80,70,135,75,90,535,0
475,Gallade,psychic,fighting,68,165,95,65,115,110,618,0
476,Probopass,rock,steel,60,55,145,75,150,40,525,0
477,Dusknoir,ghost,None,45,100,135,65,135,45,525,0
478,Froslass,ice,ghost,70,80,70,80,70,110,480,0
479,Rotom,electric,ghost,50,65,107,105,107,86,520,0
480,Uxie,psychic,None,75,75,130,75,130,95,580,1
481,Mesprit,psychic,None,80,105,105,105,105,80,580,1
482,Azelf,psychic,None,75,125,70,125,70,115,580,1
483,Dialga,steel,dragon,100,120,120,150,100,90,680,1
484,Palkia,water,dragon,90,120,100,150,120,100,680,1
485,Heatran,fire,steel,91,90,106,130,106,77,600,1
486,Regigigas,normal,None,110,160,110,80,110,100,670,1
487,Giratina,ghost,dragon,150,120,100,120,100,90,680,1
488,Cresselia,psychic,None,120,70,120,75,130,85,600,1
489,Phione,water,None,80,80,80,80,80,80,480,0
490,Manaphy,water,None,100,100,100,100,100,100,600,1
491,Darkrai,dark,None,70,90,90,135,90,125,600,1
492,Shaymin,grass,grass,100,103,75,120,75,127,600,1
493,Arceus,normal,None,120,120,120,120,120,120,720,1
494,Victini,psychic,fire,100,100,100,100,100,100,600,1
495,Snivy,grass,None,45,45,55,45,55,63,308,0
496,Servine,grass,None,60,60,75,60,75,83,413,0
497,Serperior,grass,None,75,75,95,75,95,113,528,0
498,Tepig,fire,None,65,63,45,45,45,45,308,0
499,Pignite,fire,fighting,90,93,55,70,55,55,418,0
500,Emboar,fire,fighting,110,123,65,100,65,65,528,0
501,Oshawott,water,None,55,55,45,63,45,45,308,0
502,Dewott,water,None,75,75,60,83,60,60,413,0
503,Samurott,water,None,95,100,85,108,70,70,528,0
504,Patrat,normal,None,45,55,39,35,39,42,255,0
505,Watchog,normal,None,60,85,69,60,69,77,420,0
506,Lillipup,normal,None,45,60,45,25,45,55,275,0
507,Herdier,normal,None,65,80,65,35,65,60,370,0
508,Stoutland,normal,None,85,110,90,45,90,80,500,0
509,Purrloin,dark,None,41,50,37,50,37,66,281,0
510,Liepard,dark,None,64,88,50,88,50,106,446,0
511,Pansage,grass,None,50,53,48,53,48,64,316,0
512,Simisage,grass,None,75,98,63,98,63,101,498,0
513,Pansear,fire,None,50,53,48,53,48,64,316,0
514,Simisear,fire,None,75,98,63,98,63,101,498,0
515,Panpour,water,None,50,53,48,53,48,64,316,0
516,Simipour,water,None,75,98,63,98,63,101,498,0
517,Munna,psychic,None,76,25,45,67,55,24,292,0
518,Musharna,psychic,None,116,55,85,107,95,29,487,0
519,Pidove,normal,flying,50,55,50,36,30,43,264,0
520,Tranquill,normal,flying,62,77,62,50,42,65,358,0
521,Unfezant,normal,flying,80,115,80,65,55,93,488,0
522,Blitzle,electric,None,45,60,32,50,32,76,295,0
523,Zebstrika,electric,None,75,100,63,80,63,116,497,0
524,Roggenrola,rock,None,55,75,85,25,25,15,280,0
525,Boldore,rock,None,70,105,105,50,40,20,390,0
526,Gigalith,rock,None,85,135,130,60,80,25,515,0
527,Woobat,psychic,flying,65,45,43,55,43,72,323,0
528,Swoobat,psychic,flying,67,57,55,77,55,114,425,0
529,Drilbur,ground,None,60,85,40,30,45,68,328,0
530,Excadrill,ground,steel,110,135,60,50,65,88,508,0
531,Audino,normal,None,103,60,126,80,126,50,545,0
532,Timburr,fighting,None,75,80,55,25,35,35,305,0
533,Gurdurr,fighting,None,85,105,85,40,50,40,405,0
534,Conkeldurr,fighting,None,105,140,95,55,65,45,505,0
535,Tympole,water,None,50,50,40,50,40,64,294,0
536,Palpitoad,water,ground,75,65,55,65,55,69,384,0
537,Seismitoad,water,ground,105,95,75,85,75,74,509,0
538,Throh,fighting,None,120,100,85,30,85,45,465,0
539,Sawk,fighting,None,75,125,75,30,75,85,465,0
540,Sewaddle,bug,grass,45,53,70,40,60,42,310,0
541,Swadloon,bug,grass,55,63,90,50,80,42,380,0
542,Leavanny,bug,grass,75,103,80,70,80,92,500,0
543,Venipede,bug,poison,30,45,59,30,39,57,260,0
544,Whirlipede,bug,poison,40,55,99,40,79,47,360,0
545,Scolipede,bug,poison,60,100,89,55,69,112,485,0
546,Cottonee,grass,fairy,40,27,60,37,50,66,280,0
547,Whimsicott,grass,fairy,60,67,85,77,75,116,480,0
548,Petilil,grass,None,45,35,50,70,50,30,280,0
549,Lilligant,grass,None,70,60,75,110,75,90,480,0
550,Basculin,water,None,70,92,65,80,55,98,460,0
551,Sandile,ground,dark,50,72,35,35,35,65,292,0
552,Krokorok,ground,dark,60,82,45,45,45,74,351,0
553,Krookodile,ground,dark,95,117,80,65,70,92,519,0
554,Darumaka,fire,None,70,90,45,15,45,50,315,0
555,Darmanitan,fire,fire,105,30,105,140,105,55,540,0
556,Maractus,grass,None,75,86,67,106,67,60,461,0
557,Dwebble,bug,rock,50,65,85,35,35,55,325,0
558,Crustle,bug,rock,70,105,125,65,75,45,485,0
559,Scraggy,dark,fighting,50,75,70,35,70,48,348,0
560,Scrafty,dark,fighting,65,90,115,45,115,58,488,0
561,Sigilyph,psychic,flying,72,58,80,103,80,97,490,0
562,Yamask,ghost,None,38,30,85,55,65,30,303,0
563,Cofagrigus,ghost,None,58,50,145,95,105,30,483,0
564,Tirtouga,water,rock,54,78,103,53,45,22,355,0
565,Carracosta,water,rock,74,108,133,83,65,32,495,0
566,Archen,rock,flying,55,112,45,74,45,70,401,0
567,Archeops,rock,flying,75,140,65,112,65,110,567,0
568,Trubbish,poison,None,50,50,62,40,62,65,329,0
569,Garbodor,poison,None,80,95,82,60,82,75,474,0
570,Zorua,dark,None,40,65,40,80,40,65,330,0
571,Zoroark,dark,None,60,105,60,120,60,105,510,0
572,Minccino,normal,None,55,50,40,40,40,75,300,0
573,Cinccino,normal,None,75,95,60,65,60,115,470,0
574,Gothita,psychic,None,45,30,50,55,65,45,290,0
575,Gothorita,psychic,None,60,45,70,75,85,55,390,0
576,Gothitelle,psychic,None,70,55,95,95,110,65,490,0
577,Solosis,psychic,None,45,30,40,105,50,20,290,0
578,Duosion,psychic,None,65,40,50,125,60,30,370,0
579,Reuniclus,psychic,None,110,65,75,125,85,30,490,0
580,Ducklett,water,flying,62,44,50,44,50,55,305,0
581,Swanna,water,flying,75,87,63,87,63,98,473,0
582,Vanillite,ice,None,36,50,50,65,60,44,305,0
583,Vanillish,ice,None,51,65,65,80,75,59,395,0
584,Vanilluxe,ice,None,71,95,85,110,95,79,535,0
585,Deerling,normal,grass,60,60,50,40,50,75,335,0
586,Sawsbuck,normal,grass,80,100,70,60,70,95,475,0
587,Emolga,electric,flying,55,75,60,75,60,103,428,0
588,Karrablast,bug,None,50,75,45,40,45,60,315,0
589,Escavalier,bug,steel,70,135,105,60,105,20,495,0
590,Foongus,grass,poison,69,55,45,55,55,15,294,0
591,Amoonguss,grass,poison,114,85,70,85,80,30,464,0
592,Frillish,water,ghost,55,40,50,65,85,40,335,0
593,Jellicent,water,ghost,100,60,70,85,105,60,480,0
594,Alomomola,water,None,165,75,80,40,45,65,470,0
595,Joltik,bug,electric,50,47,50,57,50,65,319,0
596,Galvantula,bug,electric,70,77,60,97,60,108,472,0
597,Ferroseed,grass,steel,44,50,91,24,86,10,305,0
598,Ferrothorn,grass,steel,74,94,131,54,116,20,489,0
599,Klink,steel,None,40,55,70,45,60,30,300,0
600,Klang,steel,None,60,80,95,70,85,50,440,0
601,Klinklang,steel,None,60,100,115,70,85,90,520,0
602,Tynamo,electric,None,35,55,40,45,40,60,275,0
603,Eelektrik,electric,None,65,85,70,75,70,40,405,0
604,Eelektross,electric,None,85,115,80,105,80,50,515,0
605,Elgyem,psychic,None,55,55,55,85,55,30,335,0
606,Beheeyem,psychic,None,75,75,75,125,95,40,485,0
607,Litwick,ghost,fire,50,30,55,65,55,20,275,0
608,Lampent,ghost,fire,60,40,60,95,60,55,370,0
609,Chandelure,ghost,fire,60,55,90,145,90,80,520,0
610,Axew,dragon,None,46,87,60,30,40,57,320,0
611,Fraxure,dragon,None,66,117,70,40,50,67,410,0
612,Haxorus,dragon,None,76,147,90,60,70,97,540,0
613,Cubchoo,ice,None,55,70,40,60,40,40,305,0
614,Beartic,ice,None,95,130,80,70,80,50,505,0
615,Cryogonal,ice,None,80,50,50,95,135,105,515,0
616,Shelmet,bug,None,50,40,85,40,65,25,305,0
617,Accelgor,bug,None,80,70,40,100,60,145,495,0
618,Stunfisk,ground,electric,109,66,84,81,99,32,471,0
619,Mienfoo,fighting,None,45,85,50,55,50,65,350,0
620,Mienshao,fighting,None,65,125,60,95,60,105,510,0
621,Druddigon,dragon,None,77,120,90,60,90,48,485,0
622,Golett,ground,ghost,59,74,50,35,50,35,303,0
623,Golurk,ground,ghost,89,124,80,55,80,55,483,0
624,Pawniard,dark,steel,45,85,70,40,40,60,340,0
625,Bisharp,dark,steel,65,125,100,60,70,70,490,0
626,Bouffalant,normal,None,95,110,95,40,95,55,490,0
627,Rufflet,normal,flying,70,83,50,37,50,60,350,0
628,Braviary,normal,flying,100,123,75,57,75,80,510,0
629,Vullaby,dark,flying,70,55,75,45,65,60,370,0
630,Mandibuzz,dark,flying,110,65,105,55,95,80,510,0
631,Heatmor,fire,None,85,97,66,105,66,65,484,0
632,Durant,bug,steel,58,109,112,48,48,109,484,0
633,Deino,dark,dragon,52,65,50,45,50,38,300,0
634,Zweilous,dark,dragon,72,85,70,65,70,58,420,0
635,Hydreigon,dark,dragon,92,105,90,125,90,98,600,0
636,Larvesta,bug,fire,55,85,55,50,55,60,360,0
637,Volcarona,bug,fire,85,60,65,135,105,100,550,0
638,Cobalion,steel,fighting,91,90,129,90,72,108,580,1
639,Terrakion,rock,fighting,91,129,90,72,90,108,580,1
640,Virizion,grass,fighting,91,90,72,90,129,108,580,1
641,Tornadus,flying,None,79,100,80,110,90,121,580,1
642,Thundurus,electric,flying,79,105,70,145,80,101,580,1
643,Reshiram,dragon,fire,100,120,100,150,120,90,680,1
644,Zekrom,dragon,electric,100,150,120,120,100,90,680,1
645,Landorus,ground,flying,89,145,90,105,80,91,600,1
646,Kyurem,dragon,ice,125,120,90,170,100,95,700,1
647,Keldeo,water,fighting,91,72,90,129,90,108,580,1
648,Meloetta,normal,psychic,100,128,90,77,77,128,600,1
649,Genesect,bug,steel,71,120,95,120,95,99,600,1
650,Chespin,grass,None,56,61,65,48,45,38,313,0
651,Quilladin,grass,None,61,78,95,56,58,57,405,0
652,Chesnaught,grass,fighting,88,107,122,74,75,64,530,0
653,Fennekin,fire,None,40,45,40,62,60,60,307,0
654,Braixen,fire,None,59,59,58,90,70,73,409,0
655,Delphox,fire,psychic,75,69,72,114,100,104,534,0
656,Froakie,water,None,41,56,40,62,44,71,314,0
657,Frogadier,water,None,54,63,52,83,56,97,405,0
658,Greninja,water,dark,72,145,67,153,71,132,640,0
659,Bunnelby,normal,None,38,36,38,32,36,57,237,0
660,Diggersby,normal,ground,85,56,77,50,77,78,423,0
661,Fletchling,normal,flying,45,50,43,40,38,62,278,0
662,Fletchinder,fire,flying,62,73,55,56,52,84,382,0
663,Talonflame,fire,flying,78,81,71,74,69,126,499,0
664,Scatterbug,bug,None,38,35,40,27,25,35,200,0
665,Spewpa,bug,None,45,22,60,27,30,29,213,0
666,Vivillon,bug,flying,80,52,50,90,50,89,411,0
667,Litleo,fire,normal,62,50,58,73,54,72,369,0
668,Pyroar,fire,normal,86,68,72,109,66,106,507,0
669,Flabébé,fairy,None,44,38,39,61,79,42,303,0
670,Floette,fairy,None,74,65,67,125,128,92,551,0
671,Florges,fairy,None,78,65,68,112,154,75,552,0
672,Skiddo,grass,None,66,65,48,62,57,52,350,0
673,Gogoat,grass,None,123,100,62,97,81,68,531,0
674,Pancham,fighting,None,67,82,62,46,48,43,348,0
675,Pangoro,fighting,dark,95,124,78,69,71,58,495,0
676,Furfrou,normal,None,75,80,60,65,90,102,472,0
677,Espurr,psychic,None,62,48,54,63,60,68,355,0
678,Meowstic,psychic,None,74,48,76,83,81,104,466,0
679,Honedge,steel,ghost,45,80,100,35,37,28,325,0
680,Doublade,steel,ghost,59,110,150,45,49,35,448,0
681,Aegislash,steel,ghost,60,150,50,150,50,60,520,0
682,Spritzee,fairy,None,78,52,60,63,65,23,341,0
683,Aromatisse,fairy,None,101,72,72,99,89,29,462,0
684,Swirlix,fairy,None,62,48,66,59,57,49,341,0
685,Slurpuff,fairy,None,82,80,86,85,75,72,480,0
686,Inkay,dark,psychic,53,54,53,37,46,45,288,0
687,Malamar,dark,psychic,86,92,88,68,75,73,482,0
688,Binacle,rock,water,42,52,67,39,56,50,306,0
689,Barbaracle,rock,water,72,105,115,54,86,68,500,0
690,Skrelp,poison,water,50,60,60,60,60,30,320,0
691,Dragalge,poison,dragon,65,75,90,97,123,44,494,0
692,Clauncher,water,None,50,53,62,58,63,44,330,0
693,Clawitzer,water,None,71,73,88,120,89,59,500,0
694,Helioptile,electric,normal,44,38,33,61,43,70,289,0
695,Heliolisk,electric,normal,62,55,52,109,94,109,481,0
696,Tyrunt,rock,dragon,58,89,77,45,45,48,362,0
697,Tyrantrum,rock,dragon,82,121,119,69,59,71,521,0
698,Amaura,rock,ice,77,59,50,67,63,46,362,0
699,Aurorus,rock,ice,123,77,72,99,92,58,521,0
700,Sylveon,fairy,None,95,65,65,110,130,60,525,0
701,Hawlucha,fighting,flying,78,92,75,74,63,118,500,0
702,Dedenne,electric,fairy,67,58,57,81,67,101,431,0
703,Carbink,rock,fairy,50,50,150,50,150,50,500,0
704,Goomy,dragon,None,45,50,35,55,75,40,300,0
705,Sliggoo,dragon,None,68,75,53,83,113,60,452,0
706,Goodra,dragon,None,90,100,70,110,150,80,600,0
707,Klefki,steel,fairy,57,80,91,80,87,75,470,0
708,Phantump,ghost,grass,43,70,48,50,60,38,309,0
709,Trevenant,ghost,grass,85,110,76,65,82,56,474,0
710,Pumpkaboo,ghost,grass,59,66,70,44,55,41,335,0
711,Gourgeist,ghost,grass,85,100,122,58,75,54,494,0
712,Bergmite,ice,None,55,69,85,32,35,28,304,0
713,Avalugg,ice,None,95,117,184,44,46,28,514,0
714,Noibat,flying,dragon,40,30,35,45,40,55,245,0
715,Noivern,flying,dragon,85,70,80,97,80,123,535,0
716,Xerneas,fairy,None,126,131,95,131,98,99,680,1
717,Yveltal,dark,flying,126,131,95,131,98,99,680,1
718,Zygarde,dragon,ground,216,100,121,91,95,85,708,1
719,Diancie,rock,fairy,50,160,110,160,110,110,700,1
720,Hoopa,psychic,ghost,80,160,60,170,130,80,680,1
721,Volcanion,fire,water,80,110,120,130,90,70,600,1
722,Rowlet,grass,flying,68,55,55,50,50,42,320,0
723,Dartrix,grass,flying,78,75,75,70,70,52,420,0
724,Decidueye,grass,ghost,78,107,75,100,100,70,530,0
725,Litten,fire,None,45,65,40,60,40,70,320,0
726,Torracat,fire,None,65,85,50,80,50,90,420,0
727,Incineroar,fire,dark,95,115,90,80,90,60,530,0
728,Popplio,water,None,50,54,54,66,56,40,320,0
729,Brionne,water,None,60,69,69,91,81,50,420,0
730,Primarina,water,fairy,80,74,74,126,116,60,530,0
731,Pikipek,normal,flying,35,75,30,30,30,65,265,0
732,Trumbeak,normal,flying,55,85,50,40,50,75,355,0
733,Toucannon,normal,flying,80,120,75,75,75,60,485,0
734,Yungoos,normal,None,48,70,30,30,30,45,253,0
735,Gumshoos,normal,None,88,110,60,55,60,45,418,0
736,Grubbin,bug,None,47,62,45,55,45,46,300,0
737,Charjabug,bug,electric,57,82,95,55,75,36,400,0
738,Vikavolt,bug,electric,77,70,90,145,75,43,500,0
739,Crabrawler,fighting,None,47,82,57,42,47,63,338,0
740,Crabominable,fighting,ice,97,132,77,62,67,43,478,0
741,Oricorio,fire,flying,75,70,70,98,70,93,476,0
742,Cutiefly,bug,fairy,40,45,40,55,40,84,304,0
743,Ribombee,bug,fairy,60,55,60,95,70,124,464,0
744,Rockruff,rock,None,45,65,40,30,40,60,280,0
745,Lycanroc,rock,None,85,115,75,55,75,82,487,0
746,Wishiwashi,water,None,45,140,130,140,135,30,620,0
747,Mareanie,poison,water,50,53,62,43,52,45,305,0
748,Toxapex,poison,water,50,63,152,53,142,35,495,0
749,Mudbray,ground,None,70,100,70,45,55,45,385,0
750,Mudsdale,ground,None,100,125,100,55,85,35,500,0
751,Dewpider,water,bug,38,40,52,40,72,27,269,0
752,Araquanid,water,bug,68,70,92,50,132,42,454,0
753,Fomantis,grass,None,40,55,35,50,35,35,250,0
754,Lurantis,grass,None,70,105,90,80,90,45,480,0
755,Morelull,grass,fairy,40,35,55,65,75,15,285,0
756,Shiinotic,grass,fairy,60,45,80,90,100,30,405,0
757,Salandit,poison,fire,48,44,40,71,40,77,320,0
758,Salazzle,poison,fire,68,64,60,111,60,117,480,0
759,Stufful,normal,fighting,70,75,50,45,50,50,340,0
760,Bewear,normal,fighting,120,125,80,55,60,60,500,0
761,Bounsweet,grass,None,42,30,38,30,38,32,210,0
762,Steenee,grass,None,52,40,48,40,48,62,290,0
763,Tsareena,grass,None,72,120,98,50,98,72,510,0
764,Comfey,fairy,None,51,52,90,82,110,100,485,0
765,Oranguru,normal,psychic,90,60,80,90,110,60,490,0
766,Passimian,fighting,None,100,120,90,40,60,80,490,0
767,Wimpod,bug,water,25,35,40,20,30,80,230,0
768,Golisopod,bug,water,75,125,140,60,90,40,530,0
769,Sandygast,ghost,ground,55,55,80,70,45,15,320,0
770,Palossand,ghost,ground,85,75,110,100,75,35,480,0
771,Pyukumuku,water,None,55,60,130,30,130,5,410,0
772,Type: Null,normal,None,95,95,95,95,95,59,534,0
773,Silvally,normal,None,95,95,95,95,95,95,570,0
774,Minior,rock,flying,60,100,60,100,60,120,500,0
775,Komala,normal,None,65,115,65,75,95,65,480,0
776,Turtonator,fire,dragon,60,78,135,91,85,36,485,0
777,Togedemaru,electric,steel,65,98,63,40,73,96,435,0
778,Mimikyu,ghost,fairy,55,90,80,50,105,96,476,0
779,Bruxish,water,psychic,68,105,70,70,70,92,475,0
780,Drampa,normal,dragon,78,60,85,135,91,36,485,0
781,Dhelmise,ghost,grass,70,131,100,86,90,40,517,0
782,Jangmo-o,dragon,None,45,55,65,45,45,45,300,0
783,Hakamo-o,dragon,fighting,55,75,90,65,70,65,420,0
784,Kommo-o,dragon,fighting,75,110,125,100,105,85,600,0
785,Tapu Koko,electric,fairy,70,115,85,95,75,130,570,1
786,Tapu Lele,psychic,fairy,70,85,75,130,115,95,570,1
787,Tapu Bulu,grass,fairy,70,130,115,85,95,75,570,1
788,Tapu Fini,water,fairy,70,75,115,95,130,85,570,1
789,Cosmog,psychic,None,43,29,31,29,31,37,200,1
790,Cosmoem,psychic,None,43,29,131,29,131,37,400,1
791,Solgaleo,psychic,steel,137,137,107,113,89,97,680,1
792,Lunala,psychic,ghost,137,113,89,137,107,97,680,1
793,Nihilego,rock,poison,109,53,47,127,131,103,570,1
794,Buzzwole,bug,fighting,107,139,139,53,53,79,570,1
795,Pheromosa,bug,fighting,71,137,37,137,37,151,570,1
796,Xurkitree,electric,None,83,89,71,173,71,83,570,1
797,Celesteela,steel,flying,97,101,103,107,101,61,570,1
798,Kartana,grass,steel,59,181,131,59,31,109,570,1
799,Guzzlord,dark,dragon,223,101,53,97,53,43,570,1
800,Necrozma,psychic,None,97,107,101,127,89,79,600,1
801,Magearna,steel,fairy,80,95,115,130,115,65,600,1
